event_id,indicator,release_date,actual,consensus,surprise,surprise_pct,regime,ff_rate,yc_10y2y,hy_spread,vix,cuts_implied,sp500_t0,sp500_t1,sp500_t5,sp500_t10,sp500_t20,ret_t1,ret_t5,ret_t10,ret_t20,forecast_source,data_source,analysis,updated_at
mich_1y_2020-01-01,Michigan Inflation 1Y,2020-01-01,2.5,,,,,1.625,0.34,3.6,13.78,,,,,,,,,,,FRED,FRED,,2026-03-12 18:28:16
nfp_2020-01-01,NFP,2020-01-01,152031.0,,,,,1.625,0.34,3.6,13.78,,,,,,,,,,,FRED,FRED,,2026-03-12 18:19:14
ic4wsa_2020-01-04,Initial Claims 4W MA,2020-01-04,226750.0,,,,,1.625,0.27,3.61,14.02,,,,,,,,,,,FRED,FRED,,2026-03-12 18:21:02
ic4wsa_2020-01-11,Initial Claims 4W MA,2020-01-11,224250.0,,,,,1.625,0.27,3.48,12.56,,,,,,,,,,,FRED,FRED,,2026-03-12 18:21:03
ic4wsa_2020-01-18,Initial Claims 4W MA,2020-01-18,222500.0,,,,,1.625,0.26,3.39,12.1,,,,,,,,,,,FRED,FRED,,2026-03-12 18:21:05
ic4wsa_2020-01-25,Initial Claims 4W MA,2020-01-25,215500.0,,,,,1.625,0.21,3.68,14.56,,,,,,,,,,,FRED,FRED,,2026-03-12 18:21:06
ic4wsa_2020-02-01,Initial Claims 4W MA,2020-02-01,211250.0,,,,,1.625,0.18,4.03,18.84,,,,,,,,,,,FRED,FRED,,2026-03-12 18:21:08
mich_1y_2020-02-01,Michigan Inflation 1Y,2020-02-01,2.4,,,,,1.625,0.18,4.03,18.84,,,,,,,,,,,FRED,FRED,,2026-03-12 18:28:18
nfp_2020-02-01,NFP,2020-02-01,152293.0,,,,,1.625,0.18,4.03,18.84,,,,,,,,,,,FRED,FRED,,2026-03-12 18:19:15
ic4wsa_2020-02-08,Initial Claims 4W MA,2020-02-08,210000.0,,,,,1.625,0.18,3.75,15.47,,,,,,,,,,,FRED,FRED,,2026-03-12 18:21:09
ic4wsa_2020-02-15,Initial Claims 4W MA,2020-02-15,207000.0,,,,,1.625,0.17,3.56,13.68,,,,,,,,,,,FRED,FRED,,2026-03-12 18:21:10
ic4wsa_2020-02-22,Initial Claims 4W MA,2020-02-22,209000.0,,,,,1.625,0.12,3.66,17.08,,,,,,,,,,,FRED,FRED,,2026-03-12 18:21:12
ic4wsa_2020-02-29,Initial Claims 4W MA,2020-02-29,211000.0,,,,,1.625,0.27,5.06,40.11,,,,,,,,,,,FRED,FRED,,2026-03-12 18:21:13
mich_1y_2020-03-01,Michigan Inflation 1Y,2020-03-01,2.2,,,,,1.625,0.27,5.06,40.11,,,,,,,,,,,FRED,FRED,,2026-03-12 18:28:19
nfp_2020-03-01,NFP,2020-03-01,150895.0,,,,,1.625,0.27,5.06,40.11,,,,,,,,,,,FRED,FRED,,2026-03-12 18:19:17
ic4wsa_2020-03-07,Initial Claims 4W MA,2020-03-07,212500.0,,,,,1.125,0.25,5.64,41.94,,,,,,,,,,,FRED,FRED,,2026-03-12 18:21:14
ic4wsa_2020-03-14,Initial Claims 4W MA,2020-03-14,228500.0,,,,,1.125,0.45,7.31,57.83,,,,,,,,,,,FRED,FRED,,2026-03-12 18:21:16
ic4wsa_2020-03-21,Initial Claims 4W MA,2020-03-21,902500.0,,,,,,0.55,10.09,66.04,,,,,,,,,,,FRED,FRED,,2026-03-12 18:21:17
ic4wsa_2020-03-28,Initial Claims 4W MA,2020-03-28,2335250.0,,,,,,0.47,8.99,65.54,,,,,,,,,,,FRED,FRED,,2026-03-12 18:21:18
mich_1y_2020-04-01,Michigan Inflation 1Y,2020-04-01,2.1,,,,,,0.39,9.11,57.06,,,,,,,,,,,FRED,FRED,,2026-03-12 18:28:20
nfp_2020-04-01,NFP,2020-04-01,130426.0,,,,,,0.39,9.11,57.06,,,,,,,,,,,FRED,FRED,,2026-03-12 18:19:19
ic4wsa_2020-04-04,Initial Claims 4W MA,2020-04-04,3817500.0,,,,,,0.39,9.43,46.8,,,,,,,,,,,FRED,FRED,,2026-03-12 18:21:19
ic4wsa_2020-04-11,Initial Claims 4W MA,2020-04-11,4966500.0,,,,,,0.5,7.96,41.67,,,,,,,,,,,FRED,FRED,,2026-03-12 18:21:21
ic4wsa_2020-04-18,Initial Claims 4W MA,2020-04-18,5288250.0,,,,,,0.45,7.31,38.15,,,,,,,,,,,FRED,FRED,,2026-03-12 18:21:22
ic4wsa_2020-04-25,Initial Claims 4W MA,2020-04-25,4663250.0,,,,,,0.38,8.03,35.93,,,,,,,,,,,FRED,FRED,,2026-03-12 18:21:23
mich_1y_2020-05-01,Michigan Inflation 1Y,2020-05-01,3.2,,,,,,0.44,7.7,37.19,,,,,,,,,,,FRED,FRED,,2026-03-12 18:28:21
nfp_2020-05-01,NFP,2020-05-01,133040.0,,,,,,0.44,7.7,37.19,,,,,,,,,,,FRED,FRED,,2026-03-12 18:19:20
ic4wsa_2020-05-02,Initial Claims 4W MA,2020-05-02,3828000.0,,,,,,0.44,7.7,37.19,,,,,,,,,,,FRED,FRED,,2026-03-12 18:21:24
ic4wsa_2020-05-09,Initial Claims 4W MA,2020-05-09,3194500.0,,,,,,0.53,7.52,27.98,,,,,,,,,,,FRED,FRED,,2026-03-12 18:21:26
ic4wsa_2020-05-16,Initial Claims 4W MA,2020-05-16,2688250.0,,,,,,0.48,7.78,31.89,,,,,,,,,,,FRED,FRED,,2026-03-12 18:21:27
ic4wsa_2020-05-23,Initial Claims 4W MA,2020-05-23,2307000.0,,,,,,0.49,7.06,28.16,,,,,,,,,,,FRED,FRED,,2026-03-12 18:21:28
ic4wsa_2020-05-30,Initial Claims 4W MA,2020-05-30,2017750.0,,,,,,0.49,6.71,27.51,,,,,,,,,,,FRED,FRED,,2026-03-12 18:21:29
mich_1y_2020-06-01,Michigan Inflation 1Y,2020-06-01,3.0,,,,,,0.52,6.43,28.23,,,,,,,,,,,FRED,FRED,,2026-03-12 18:28:22
nfp_2020-06-01,NFP,2020-06-01,137671.0,,,,,,0.52,6.43,28.23,,,,,,,,,,,FRED,FRED,,2026-03-12 18:19:22
ic4wsa_2020-06-06,Initial Claims 4W MA,2020-06-06,1827750.0,,,,,,0.69,5.5,24.52,,,,,,,,,,,FRED,FRED,,2026-03-12 18:21:30
ic4wsa_2020-06-13,Initial Claims 4W MA,2020-06-13,1652000.0,,,,,,0.52,6.28,,,,,,,,,,,,FRED,FRED,,2026-03-12 18:21:32
ic4wsa_2020-06-20,Initial Claims 4W MA,2020-06-20,1538500.0,,,,,,,,,,,,,,,,,,,FRED,FRED,,2026-03-12 18:21:33
ic4wsa_2020-06-27,Initial Claims 4W MA,2020-06-27,1490250.0,,,,,,,,,,,,,,,,,,,FRED,FRED,,2026-03-12 18:21:34
mich_1y_2020-07-01,Michigan Inflation 1Y,2020-07-01,3.0,,,,,,0.52,6.33,28.62,,,,,,,,,,,FRED,FRED,,2026-03-12 18:28:24
nfp_2020-07-01,NFP,2020-07-01,139255.0,,,,,,0.52,6.33,28.62,,,,,,,,,,,FRED,FRED,,2026-03-12 18:19:24
ic4wsa_2020-07-04,Initial Claims 4W MA,2020-07-04,1449750.0,,,,,,,,,,,,,,,,,,,FRED,FRED,,2026-03-12 18:21:35
ic4wsa_2020-07-11,Initial Claims 4W MA,2020-07-11,1448500.0,,,,,,,,,,,,,,,,,,,FRED,FRED,,2026-03-12 18:21:36
ic4wsa_2020-07-18,Initial Claims 4W MA,2020-07-18,1430000.0,,,,,,,,,,,,,,,,,,,FRED,FRED,,2026-03-12 18:21:38
ic4wsa_2020-07-25,Initial Claims 4W MA,2020-07-25,1383500.0,,,,,,,,,,,,,,,,,,,FRED,FRED,,2026-03-12 18:21:39
ic4wsa_2020-08-01,Initial Claims 4W MA,2020-08-01,1291250.0,,,,,,,,,,,,,,,,,,,FRED,FRED,,2026-03-12 18:21:40
mich_1y_2020-08-01,Michigan Inflation 1Y,2020-08-01,3.1,,,,,,0.44,5.16,24.46,,,,,,,,,,,FRED,FRED,,2026-03-12 18:28:25
nfp_2020-08-01,NFP,2020-08-01,140821.0,,,,,,0.44,5.16,24.46,,,,,,,,,,,FRED,FRED,,2026-03-12 18:19:25
ic4wsa_2020-08-08,Initial Claims 4W MA,2020-08-08,1145250.0,,,,,,,,,,,,,,,,,,,FRED,FRED,,2026-03-12 18:21:41
ic4wsa_2020-08-15,Initial Claims 4W MA,2020-08-15,1028750.0,,,,,,,,,,,,,,,,,,,FRED,FRED,,2026-03-12 18:21:43
ic4wsa_2020-08-22,Initial Claims 4W MA,2020-08-22,932750.0,,,,,,,,,,,,,,,,,,,FRED,FRED,,2026-03-12 18:21:44
ic4wsa_2020-08-29,Initial Claims 4W MA,2020-08-29,892000.0,,,,,,,,,,,,,,,,,,,FRED,FRED,,2026-03-12 18:21:45
mich_1y_2020-09-01,Michigan Inflation 1Y,2020-09-01,2.6,,,,,,0.55,4.97,26.12,,,,,,,,,,,FRED,FRED,,2026-03-12 18:28:26
nfp_2020-09-01,NFP,2020-09-01,141770.0,,,,,,0.55,4.97,26.12,,,,,,,,,,,FRED,FRED,,2026-03-12 18:19:27
ic4wsa_2020-09-05,Initial Claims 4W MA,2020-09-05,894000.0,,,,,,,,,,,,,,,,,,,FRED,FRED,,2026-03-12 18:21:46
ic4wsa_2020-09-12,Initial Claims 4W MA,2020-09-12,877500.0,,,,,,,,,,,,,,,,,,,FRED,FRED,,2026-03-12 18:21:48
ic4wsa_2020-09-19,Initial Claims 4W MA,2020-09-19,873250.0,,,,,,,,,,,,,,,,,,,FRED,FRED,,2026-03-12 18:21:49
ic4wsa_2020-09-26,Initial Claims 4W MA,2020-09-26,851750.0,,,,,,,,,,,,,,,,,,,FRED,FRED,,2026-03-12 18:21:50
mich_1y_2020-10-01,Michigan Inflation 1Y,2020-10-01,2.6,,,,,,0.54,5.36,26.7,,,,,,,,,,,FRED,FRED,,2026-03-12 18:28:27
nfp_2020-10-01,NFP,2020-10-01,142460.0,,,,,,0.54,5.36,26.7,,,,,,,,,,,FRED,FRED,,2026-03-12 18:19:28
ic4wsa_2020-10-03,Initial Claims 4W MA,2020-10-03,825000.0,,,,,,,,,,,,,,,,,,,FRED,FRED,,2026-03-12 18:21:52
ic4wsa_2020-10-10,Initial Claims 4W MA,2020-10-10,819500.0,,,,,,,,,,,,,,,,,,,FRED,FRED,,2026-03-12 18:21:53
ic4wsa_2020-10-17,Initial Claims 4W MA,2020-10-17,805750.0,,,,,,,,,,,,,,,,,,,FRED,FRED,,2026-03-12 18:21:54
ic4wsa_2020-10-24,Initial Claims 4W MA,2020-10-24,801000.0,,,,,,,,,,,,,,,,,,,FRED,FRED,,2026-03-12 18:21:56
ic4wsa_2020-10-31,Initial Claims 4W MA,2020-10-31,798000.0,,,,,,,,,,,,,,,,,,,FRED,FRED,,2026-03-12 18:21:57
mich_1y_2020-11-01,Michigan Inflation 1Y,2020-11-01,2.8,,,,,,0.74,5.32,38.02,,,,,,,,,,,FRED,FRED,,2026-03-12 18:28:29
nfp_2020-11-01,NFP,2020-11-01,142733.0,,,,,,0.74,5.32,38.02,,,,,,,,,,,FRED,FRED,,2026-03-12 18:19:29
ic4wsa_2020-11-07,Initial Claims 4W MA,2020-11-07,772500.0,,,,,,,,,,,,,,,,,,,FRED,FRED,,2026-03-12 18:21:58
ic4wsa_2020-11-14,Initial Claims 4W MA,2020-11-14,756000.0,,,,,,,,,,,,,,,,,,,FRED,FRED,,2026-03-12 18:21:59
ic4wsa_2020-11-21,Initial Claims 4W MA,2020-11-21,760250.0,,,,,,0.67,4.49,23.7,,,,,,,,,,,FRED,FRED,,2026-03-12 18:22:01
ic4wsa_2020-11-28,Initial Claims 4W MA,2020-11-28,751250.0,,,,,,0.68,4.35,20.84,,,,,,,,,,,FRED,FRED,,2026-03-12 18:22:02
mich_1y_2020-12-01,Michigan Inflation 1Y,2020-12-01,2.5,,,,,,0.75,4.21,20.77,,,,,,,,,,,FRED,FRED,,2026-03-12 18:28:30
nfp_2020-12-01,NFP,2020-12-01,142548.0,,,,,,0.75,4.21,20.77,,,,,,,,,,,FRED,FRED,,2026-03-12 18:19:31
ic4wsa_2020-12-05,Initial Claims 4W MA,2020-12-05,785250.0,,,,,,0.81,4.03,20.79,,,,,,,,,,,FRED,FRED,,2026-03-12 18:22:03
ic4wsa_2020-12-12,Initial Claims 4W MA,2020-12-12,822250.0,,,,,,0.79,4.13,23.31,,,,,,,,,,,FRED,FRED,,2026-03-12 18:22:05
ic4wsa_2020-12-19,Initial Claims 4W MA,2020-12-19,827750.0,,,,,,0.82,4.03,21.57,,,,,,,,,,,FRED,FRED,,2026-03-12 18:22:06
ic4wsa_2020-12-26,Initial Claims 4W MA,2020-12-26,836750.0,,,,,,0.81,4.05,21.53,,,,,,,,,,,FRED,FRED,,2026-03-12 18:22:08
mich_1y_2021-01-01,Michigan Inflation 1Y,2021-01-01,3.0,,,,,,,,,,,,,,,,,,,FRED,FRED,,2026-03-12 18:28:31
nfp_2021-01-01,NFP,2021-01-01,142863.0,,,,,,0.8,3.86,22.75,,,,,,,,,,,FRED,FRED,,2026-03-12 18:19:32
ic4wsa_2021-01-02,Initial Claims 4W MA,2021-01-02,819250.0,,,,,,0.8,3.86,22.75,,,,,,,,,,,FRED,FRED,,2026-03-12 18:22:09
ic4wsa_2021-01-09,Initial Claims 4W MA,2021-01-09,820250.0,,,,,,0.99,3.76,21.56,,,,,,,,,,,FRED,FRED,,2026-03-12 18:22:10
ic4wsa_2021-01-16,Initial Claims 4W MA,2021-01-16,827500.0,,,,,,0.98,3.74,24.34,,,,,,,,,,,FRED,FRED,,2026-03-12 18:22:12
ic4wsa_2021-01-23,Initial Claims 4W MA,2021-01-23,834000.0,,,,,,0.97,3.75,21.91,,,,,,,,,,,FRED,FRED,,2026-03-12 18:22:13
ic4wsa_2021-01-30,Initial Claims 4W MA,2021-01-30,834000.0,,,,,,1.0,3.79,33.09,,,,,,,,,,,FRED,FRED,,2026-03-12 18:22:15
mich_1y_2021-02-01,Michigan Inflation 1Y,2021-02-01,3.3,,,,,,,,,,,,,,,,,,,FRED,FRED,,2026-03-12 18:28:32
nfp_2021-02-01,NFP,2021-02-01,143380.0,,,,,,0.98,3.83,30.24,,,,,,,,,,,FRED,FRED,,2026-03-12 18:19:34
ic4wsa_2021-02-06,Initial Claims 4W MA,2021-02-06,814500.0,,,,,,1.1,3.58,20.87,,,,,,,,,,,FRED,FRED,,2026-03-12 18:22:16
ic4wsa_2021-02-13,Initial Claims 4W MA,2021-02-13,804000.0,,,,,,1.09,3.48,19.97,,,,,,,,,,,FRED,FRED,,2026-03-12 18:22:17
ic4wsa_2021-02-20,Initial Claims 4W MA,2021-02-20,779750.0,,,,,,1.23,3.41,22.05,,,,,,,,,,,FRED,FRED,,2026-03-12 18:22:19
ic4wsa_2021-02-27,Initial Claims 4W MA,2021-02-27,755000.0,,,,,,1.3,3.52,27.95,,,,,,,,,,,FRED,FRED,,2026-03-12 18:22:20
mich_1y_2021-03-01,Michigan Inflation 1Y,2021-03-01,3.1,,,,,,,,,,,,,,,,,,,FRED,FRED,,2026-03-12 18:28:33
nfp_2021-03-01,NFP,2021-03-01,144232.0,,,,,,1.32,3.54,23.35,,,,,,,,,,,FRED,FRED,,2026-03-12 18:19:35
ic4wsa_2021-03-06,Initial Claims 4W MA,2021-03-06,725250.0,,,,,,1.42,3.6,24.66,,,,,,,,,,,FRED,FRED,,2026-03-12 18:22:21
ic4wsa_2021-03-13,Initial Claims 4W MA,2021-03-13,699500.0,,,,,,1.5,3.55,20.69,,,,,,,,,,,FRED,FRED,,2026-03-12 18:22:23
ic4wsa_2021-03-20,Initial Claims 4W MA,2021-03-20,680750.0,,,,,,1.58,3.67,20.95,,,,,,,,,,,FRED,FRED,,2026-03-12 18:22:24
ic4wsa_2021-03-27,Initial Claims 4W MA,2021-03-27,669250.0,,,,,,1.53,3.48,18.86,,,,,,,,,,,FRED,FRED,,2026-03-12 18:22:25
mich_1y_2021-04-01,Michigan Inflation 1Y,2021-04-01,3.4,,,,,,,,,,,,,,,,,,,FRED,FRED,,2026-03-12 18:28:34
nfp_2021-04-01,NFP,2021-04-01,144587.0,,,,,,1.52,3.33,17.33,,,,,,,,,,,FRED,FRED,,2026-03-12 18:19:37
ic4wsa_2021-04-03,Initial Claims 4W MA,2021-04-03,657250.0,,,,,,1.53,3.33,17.33,,,,,,,,,,,FRED,FRED,,2026-03-12 18:22:26
ic4wsa_2021-04-10,Initial Claims 4W MA,2021-04-10,625250.0,,,,,,1.51,3.24,16.69,,,,,,,,,,,FRED,FRED,,2026-03-12 18:22:28
ic4wsa_2021-04-17,Initial Claims 4W MA,2021-04-17,610000.0,,,,,,1.43,3.22,16.25,,,,,,,,,,,FRED,FRED,,2026-03-12 18:22:29
ic4wsa_2021-04-24,Initial Claims 4W MA,2021-04-24,589000.0,,,,,,1.42,3.29,17.33,,,,,,,,,,,FRED,FRED,,2026-03-12 18:22:31
ic4wsa_2021-05-01,Initial Claims 4W MA,2021-05-01,557000.0,,,,,,1.49,3.28,18.61,,,,,,,,,,,FRED,FRED,,2026-03-12 18:22:32
mich_1y_2021-05-01,Michigan Inflation 1Y,2021-05-01,4.6,,,,,,,,,,,,,,,,,,,FRED,FRED,,2026-03-12 18:28:36
nfp_2021-05-01,NFP,2021-05-01,145065.0,,,,,,1.49,3.28,18.61,,,,,,,,,,,FRED,FRED,,2026-03-12 18:19:38
ic4wsa_2021-05-08,Initial Claims 4W MA,2021-05-08,537750.0,,,,,,,,,,,,,,,,,,,FRED,FRED,,2026-03-12 18:22:33
ic4wsa_2021-05-15,Initial Claims 4W MA,2021-05-15,513000.0,,,,,,,,,,,,,,,,,,,FRED,FRED,,2026-03-12 18:22:35
ic4wsa_2021-05-22,Initial Claims 4W MA,2021-05-22,479750.0,,,,,,,,,,,,,,,,,,,FRED,FRED,,2026-03-12 18:22:36
ic4wsa_2021-05-29,Initial Claims 4W MA,2021-05-29,457250.0,,,,,,,,,,,,,,,,,,,FRED,FRED,,2026-03-12 18:22:37
mich_1y_2021-06-01,Michigan Inflation 1Y,2021-06-01,4.2,,,,,,,,,,,,,,,,,,,FRED,FRED,,2026-03-12 18:28:37
nfp_2021-06-01,NFP,2021-06-01,145820.0,,,,,,1.46,3.33,17.9,,,,,,,,,,,FRED,FRED,,2026-03-12 18:19:40
ic4wsa_2021-06-05,Initial Claims 4W MA,2021-06-05,438750.0,,,,,,,,,,,,,,,,,,,FRED,FRED,,2026-03-12 18:22:39
ic4wsa_2021-06-12,Initial Claims 4W MA,2021-06-12,429000.0,,,,,,,,,,,,,,,,,,,FRED,FRED,,2026-03-12 18:22:40
ic4wsa_2021-06-19,Initial Claims 4W MA,2021-06-19,424250.0,,,,,,,,,,,,,,,,,,,FRED,FRED,,2026-03-12 18:22:42
ic4wsa_2021-06-26,Initial Claims 4W MA,2021-06-26,409750.0,,,,,,,,,,,,,,,,,,,FRED,FRED,,2026-03-12 18:22:43
mich_1y_2021-07-01,Michigan Inflation 1Y,2021-07-01,4.7,,,,,,,,,,,,,,,,,,,FRED,FRED,,2026-03-12 18:28:38
nfp_2021-07-01,NFP,2021-07-01,146762.0,,,,,,1.23,3.02,15.48,,,,,,,,,,,FRED,FRED,,2026-03-12 18:19:41
ic4wsa_2021-07-03,Initial Claims 4W MA,2021-07-03,397500.0,,,,,,,,,,,,,,,,,,,FRED,FRED,,2026-03-12 18:22:44
ic4wsa_2021-07-10,Initial Claims 4W MA,2021-07-10,373500.0,,,,,,,,,,,,,,,,,,,FRED,FRED,,2026-03-12 18:22:46
ic4wsa_2021-07-17,Initial Claims 4W MA,2021-07-17,364750.0,,,,,,,,,,,,,,,,,,,FRED,FRED,,2026-03-12 18:22:47
ic4wsa_2021-07-24,Initial Claims 4W MA,2021-07-24,367500.0,,,,,,,,,,,,,,,,,,,FRED,FRED,,2026-03-12 18:22:48
ic4wsa_2021-07-31,Initial Claims 4W MA,2021-07-31,369750.0,,,,,,,,,,,,,,,,,,,FRED,FRED,,2026-03-12 18:22:50
mich_1y_2021-08-01,Michigan Inflation 1Y,2021-08-01,4.6,,,,,,,,,,,,,,,,,,,FRED,FRED,,2026-03-12 18:28:39
nfp_2021-08-01,NFP,2021-08-01,147314.0,,,,,,1.05,3.32,18.24,,,,,,,,,,,FRED,FRED,,2026-03-12 18:19:43
ic4wsa_2021-08-07,Initial Claims 4W MA,2021-08-07,377000.0,,,,,,,,,,,,,,,,,,,FRED,FRED,,2026-03-12 18:22:51
ic4wsa_2021-08-14,Initial Claims 4W MA,2021-08-14,372250.0,,,,,,,,,,,,,,,,,,,FRED,FRED,,2026-03-12 18:22:52
ic4wsa_2021-08-21,Initial Claims 4W MA,2021-08-21,366750.0,,,,,,,,,,,,,,,,,,,FRED,FRED,,2026-03-12 18:22:53
ic4wsa_2021-08-28,Initial Claims 4W MA,2021-08-28,360000.0,,,,,,,,,,,,,,,,,,,FRED,FRED,,2026-03-12 18:22:54
mich_1y_2021-09-01,Michigan Inflation 1Y,2021-09-01,4.6,,,,,,,,,,,,,,,,,,,FRED,FRED,,2026-03-12 18:28:41
nfp_2021-09-01,NFP,2021-09-01,147771.0,,,,,,1.11,3.19,16.11,,,,,,,,,,,FRED,FRED,,2026-03-12 18:19:44
ic4wsa_2021-09-04,Initial Claims 4W MA,2021-09-04,354000.0,,,,,,,,,,,,,,,,,,,FRED,FRED,,2026-03-12 18:22:56
ic4wsa_2021-09-11,Initial Claims 4W MA,2021-09-11,348000.0,,,,,,,,,,,,,,,,,,,FRED,FRED,,2026-03-12 18:22:57
ic4wsa_2021-09-18,Initial Claims 4W MA,2021-09-18,350250.0,,,,,,,,,,,,,,,,,,,FRED,FRED,,2026-03-12 18:22:58
ic4wsa_2021-09-25,Initial Claims 4W MA,2021-09-25,355500.0,,,,,,,,,,,,,,,,,,,FRED,FRED,,2026-03-12 18:22:59
mich_1y_2021-10-01,Michigan Inflation 1Y,2021-10-01,4.8,,,,,,,,,,,,,,,,,,,FRED,FRED,,2026-03-12 18:28:42
nfp_2021-10-01,NFP,2021-10-01,148572.0,,,,,,1.21,3.2,21.15,,,,,,,,,,,FRED,FRED,,2026-03-12 18:19:46
ic4wsa_2021-10-02,Initial Claims 4W MA,2021-10-02,349750.0,,,,,,,3.2,21.15,,,,,,,,,,,FRED,FRED,,2026-03-12 18:23:00
ic4wsa_2021-10-09,Initial Claims 4W MA,2021-10-09,336250.0,,,,,,1.29,3.2,18.77,,,,,,,,,,,FRED,FRED,,2026-03-12 18:23:01
ic4wsa_2021-10-16,Initial Claims 4W MA,2021-10-16,317000.0,,,,,,1.18,3.12,16.3,,,,,,,,,,,FRED,FRED,,2026-03-12 18:23:03
ic4wsa_2021-10-23,Initial Claims 4W MA,2021-10-23,290500.0,,,,,,1.18,3.07,15.43,,,,,,,,,,,FRED,FRED,,2026-03-12 18:23:04
ic4wsa_2021-10-30,Initial Claims 4W MA,2021-10-30,277500.0,,,,,,1.07,3.08,16.26,,,,,,,,,,,FRED,FRED,,2026-03-12 18:23:05
mich_1y_2021-11-01,Michigan Inflation 1Y,2021-11-01,4.9,,,,,,,,,,,,,,,,,,,FRED,FRED,,2026-03-12 18:28:43
nfp_2021-11-01,NFP,2021-11-01,149230.0,,,,,,1.08,3.16,16.41,,,,,,,,,,,FRED,FRED,,2026-03-12 18:19:47
ic4wsa_2021-11-06,Initial Claims 4W MA,2021-11-06,267750.0,,,,,,1.06,3.12,16.48,,,,,,,,,,,FRED,FRED,,2026-03-12 18:23:06
ic4wsa_2021-11-13,Initial Claims 4W MA,2021-11-13,257750.0,,,,,,1.05,3.09,16.29,,,,,,,,,,,FRED,FRED,,2026-03-12 18:23:08
ic4wsa_2021-11-20,Initial Claims 4W MA,2021-11-20,246500.0,,,,,,1.02,3.24,17.91,,,,,,,,,,,FRED,FRED,,2026-03-12 18:23:09
ic4wsa_2021-11-27,Initial Claims 4W MA,2021-11-27,236500.0,,,,,,0.98,3.62,28.62,,,,,,,,,,,FRED,FRED,,2026-03-12 18:23:10
mich_1y_2021-12-01,Michigan Inflation 1Y,2021-12-01,4.8,,,,,,,,,,,,,,,,,,,FRED,FRED,,2026-03-12 18:28:44
nfp_2021-12-01,NFP,2021-12-01,149816.0,,,,,,0.87,3.58,31.12,,,,,,,,,,,FRED,FRED,,2026-03-12 18:19:49
ic4wsa_2021-12-04,Initial Claims 4W MA,2021-12-04,225500.0,,,,,,0.75,3.56,30.67,,,,,,,,,,,FRED,FRED,,2026-03-12 18:23:12
ic4wsa_2021-12-11,Initial Claims 4W MA,2021-12-11,219750.0,,,,,,0.81,3.29,18.69,,,,,,,,,,,FRED,FRED,,2026-03-12 18:23:13
ic4wsa_2021-12-18,Initial Claims 4W MA,2021-12-18,217750.0,,,,,,0.75,3.36,21.57,,,,,,,,,,,FRED,FRED,,2026-03-12 18:23:15
ic4wsa_2021-12-25,Initial Claims 4W MA,2021-12-25,216250.0,,,,,,0.79,3.12,17.96,,,,,,,,,,,FRED,FRED,,2026-03-12 18:23:16
ic4wsa_2022-01-01,Initial Claims 4W MA,2022-01-01,221250.0,,,,,,0.79,3.1,17.22,,,,,,,,,,,FRED,FRED,,2026-03-12 18:23:18
mich_1y_2022-01-01,Michigan Inflation 1Y,2022-01-01,4.9,,,,,,,,,,,,,,,,,,,FRED,FRED,,2026-03-12 18:28:46
nfp_2022-01-01,NFP,2022-01-01,150006.0,,,,,,,,,,,,,,,,,,,FRED,FRED,,2026-03-12 18:19:50
ic4wsa_2022-01-08,Initial Claims 4W MA,2022-01-08,226250.0,,,,,,0.89,3.2,18.76,,,,,,,,,,,FRED,FRED,,2026-03-12 18:23:19
ic4wsa_2022-01-15,Initial Claims 4W MA,2022-01-15,233750.0,,,,,,0.79,3.09,19.19,,,,,,,,,,,FRED,FRED,,2026-03-12 18:23:21
ic4wsa_2022-01-22,Initial Claims 4W MA,2022-01-22,239250.0,,,,,,0.74,3.29,28.85,,,,,,,,,,,FRED,FRED,,2026-03-12 18:23:22
ic4wsa_2022-01-29,Initial Claims 4W MA,2022-01-29,240250.0,,,,,,0.63,3.61,27.66,,,,,,,,,,,FRED,FRED,,2026-03-12 18:23:23
mich_1y_2022-02-01,Michigan Inflation 1Y,2022-02-01,4.9,,,,,,,,,,,,,,,,,,,FRED,FRED,,2026-03-12 18:28:47
nfp_2022-02-01,NFP,2022-02-01,150825.0,,,,,,,,,,,,,,,,,,,FRED,FRED,,2026-03-12 18:19:51
ic4wsa_2022-02-05,Initial Claims 4W MA,2022-02-05,231000.0,,,,,,0.62,3.56,23.22,,,,,,,,,,,FRED,FRED,,2026-03-12 18:23:25
ic4wsa_2022-02-12,Initial Claims 4W MA,2022-02-12,228250.0,,,,,,0.42,3.66,27.36,,,,,,,,,,,FRED,FRED,,2026-03-12 18:23:27
ic4wsa_2022-02-19,Initial Claims 4W MA,2022-02-19,225000.0,,,,,,0.45,3.78,27.75,,,,,,,,,,,FRED,FRED,,2026-03-12 18:23:28
ic4wsa_2022-02-26,Initial Claims 4W MA,2022-02-26,219500.0,,,,,,0.42,3.62,27.59,,,,,,,,,,,FRED,FRED,,2026-03-12 18:23:31
mich_1y_2022-03-01,Michigan Inflation 1Y,2022-03-01,5.4,,,,,,,,,,,,,,,,,,,FRED,FRED,,2026-03-12 18:28:48
nfp_2022-03-01,NFP,2022-03-01,151315.0,,,,,,,,,,,,,,,,,,,FRED,FRED,,2026-03-12 18:19:53
ic4wsa_2022-03-05,Initial Claims 4W MA,2022-03-05,222500.0,,,,,,0.24,3.9,31.98,,,,,,,,,,,FRED,FRED,,2026-03-12 18:23:34
ic4wsa_2022-03-12,Initial Claims 4W MA,2022-03-12,218250.0,,,,,,0.25,4.05,30.75,,,,,,,,,,,FRED,FRED,,2026-03-12 18:23:35
ic4wsa_2022-03-19,Initial Claims 4W MA,2022-03-19,213750.0,,,,,,0.17,,,,,,,,,,,,,FRED,FRED,,2026-03-12 18:23:37
ic4wsa_2022-03-26,Initial Claims 4W MA,2022-03-26,215000.0,,,,,,,,,,,,,,,,,,,FRED,FRED,,2026-03-12 18:23:38
mich_1y_2022-04-01,Michigan Inflation 1Y,2022-04-01,5.4,,,,,,,,,,,,,,,,,,,FRED,FRED,,2026-03-12 18:28:49
nfp_2022-04-01,NFP,2022-04-01,151623.0,,,,,,,,,,,,,,,,,,,FRED,FRED,,2026-03-12 18:19:54
ic4wsa_2022-04-02,Initial Claims 4W MA,2022-04-02,213250.0,,,,,,,,,,,,,,,,,,,FRED,FRED,,2026-03-12 18:23:39
ic4wsa_2022-04-09,Initial Claims 4W MA,2022-04-09,212250.0,,,,,,,,,,,,,,,,,,,FRED,FRED,,2026-03-12 18:23:40
ic4wsa_2022-04-16,Initial Claims 4W MA,2022-04-16,212750.0,,,,,,,,,,,,,,,,,,,FRED,FRED,,2026-03-12 18:23:42
ic4wsa_2022-04-23,Initial Claims 4W MA,2022-04-23,211750.0,,,,,,,,,,,,,,,,,,,FRED,FRED,,2026-03-12 18:23:43
ic4wsa_2022-04-30,Initial Claims 4W MA,2022-04-30,212750.0,,,,,,,,,,,,,,,,,,,FRED,FRED,,2026-03-12 18:23:44
mich_1y_2022-05-01,Michigan Inflation 1Y,2022-05-01,5.3,,,,,,,,,,,,,,,,,,,FRED,FRED,,2026-03-12 18:28:50
nfp_2022-05-01,NFP,2022-05-01,151924.0,,,,,,,,,,,,,,,,,,,FRED,FRED,,2026-03-12 18:19:55
ic4wsa_2022-05-07,Initial Claims 4W MA,2022-05-07,210500.0,,,,,,,,,,,,,,,,,,,FRED,FRED,,2026-03-12 18:23:46
ic4wsa_2022-05-14,Initial Claims 4W MA,2022-05-14,214500.0,,,,,,,,,,,,,,,,,,,FRED,FRED,,2026-03-12 18:23:47
ic4wsa_2022-05-21,Initial Claims 4W MA,2022-05-21,214750.0,,,,,,,,,,,,,,,,,,,FRED,FRED,,2026-03-12 18:23:48
ic4wsa_2022-05-28,Initial Claims 4W MA,2022-05-28,210000.0,,,,,,,,,,,,,,,,,,,FRED,FRED,,2026-03-12 18:23:49
mich_1y_2022-06-01,Michigan Inflation 1Y,2022-06-01,5.3,,,,,,,,,,,,,,,,,,,FRED,FRED,,2026-03-12 18:28:51
nfp_2022-06-01,NFP,2022-06-01,152358.0,,,,,,,,,,,,,,,,,,,FRED,FRED,,2026-03-12 18:19:57
ic4wsa_2022-06-04,Initial Claims 4W MA,2022-06-04,212500.0,,,,,,,,,,,,,,,,,,,FRED,FRED,,2026-03-12 18:23:51
ic4wsa_2022-06-11,Initial Claims 4W MA,2022-06-11,209500.0,,,,,,,,,,,,,,,,,,,FRED,FRED,,2026-03-12 18:23:52
ic4wsa_2022-06-18,Initial Claims 4W MA,2022-06-18,210500.0,,,,,,,,,,,,,,,,,,,FRED,FRED,,2026-03-12 18:23:53
ic4wsa_2022-06-25,Initial Claims 4W MA,2022-06-25,213500.0,,,,,,,,,,,,,,,,,,,FRED,FRED,,2026-03-12 18:23:54
mich_1y_2022-07-01,Michigan Inflation 1Y,2022-07-01,5.2,,,,,,,,,,,,,,,,,,,FRED,FRED,,2026-03-12 18:28:53
nfp_2022-07-01,NFP,2022-07-01,153072.0,,,,,,,,,,,,,,,,,,,FRED,FRED,,2026-03-12 18:19:58
ic4wsa_2022-07-02,Initial Claims 4W MA,2022-07-02,213750.0,,,,,,,,,,,,,,,,,,,FRED,FRED,,2026-03-12 18:23:55
ic4wsa_2022-07-09,Initial Claims 4W MA,2022-07-09,213500.0,,,,,,,,,,,,,,,,,,,FRED,FRED,,2026-03-12 18:23:57
ic4wsa_2022-07-16,Initial Claims 4W MA,2022-07-16,213750.0,,,,,,,,,,,,,,,,,,,FRED,FRED,,2026-03-12 18:23:58
ic4wsa_2022-07-23,Initial Claims 4W MA,2022-07-23,215750.0,,,,,1.625,,,,,,,,,,,,,,FRED,FRED,,2026-03-12 18:24:00
ic4wsa_2022-07-30,Initial Claims 4W MA,2022-07-30,219000.0,,,,,2.375,-0.22,4.77,21.33,,,,,,,,,,,FRED,FRED,,2026-03-12 18:24:02
mich_1y_2022-08-01,Michigan Inflation 1Y,2022-08-01,4.8,,,,,,,,,,,,,,,,,,,FRED,FRED,,2026-03-12 18:28:54
nfp_2022-08-01,NFP,2022-08-01,153362.0,,,,,,,,,,,,,,,,,,,FRED,FRED,,2026-03-12 18:19:59
ic4wsa_2022-08-06,Initial Claims 4W MA,2022-08-06,221250.0,,,,,2.375,-0.41,4.44,21.15,,,,,,,,,,,FRED,FRED,,2026-03-12 18:24:04
ic4wsa_2022-08-13,Initial Claims 4W MA,2022-08-13,222250.0,,,,,2.375,-0.41,4.25,19.53,,,,,,,,,,,FRED,FRED,,2026-03-12 18:24:05
ic4wsa_2022-08-20,Initial Claims 4W MA,2022-08-20,221000.0,,,,,2.375,-0.27,4.45,20.6,,,,,,,,,,,FRED,FRED,,2026-03-12 18:24:07
ic4wsa_2022-08-27,Initial Claims 4W MA,2022-08-27,216500.0,,,,,2.375,-0.33,4.65,25.56,,,,,,,,,,,FRED,FRED,,2026-03-12 18:24:08
mich_1y_2022-09-01,Michigan Inflation 1Y,2022-09-01,4.7,,,,,,,,,,,,,,,,,,,FRED,FRED,,2026-03-12 18:28:55
nfp_2022-09-01,NFP,2022-09-01,153582.0,,,,,2.375,-0.25,5.08,25.56,,,,,,,,,,,FRED,FRED,,2026-03-12 18:20:01
ic4wsa_2022-09-03,Initial Claims 4W MA,2022-09-03,212250.0,,,,,2.375,-0.2,5.06,25.47,,,,,,,,,,,FRED,FRED,,2026-03-12 18:24:10
ic4wsa_2022-09-10,Initial Claims 4W MA,2022-09-10,206500.0,,,,,2.375,-0.23,4.57,22.79,,,,,,,,,,,FRED,FRED,,2026-03-12 18:24:11
ic4wsa_2022-09-17,Initial Claims 4W MA,2022-09-17,203000.0,,,,,2.375,-0.4,5.0,26.3,,,,,,,,,,,FRED,FRED,,2026-03-12 18:24:12
ic4wsa_2022-09-24,Initial Claims 4W MA,2022-09-24,197750.0,,,,,3.125,-0.51,5.12,29.92,,,,,,,,,,,FRED,FRED,,2026-03-12 18:24:14
ic4wsa_2022-10-01,Initial Claims 4W MA,2022-10-01,197750.0,,,,,3.125,-0.39,5.43,31.62,,,,,,,,,,,FRED,FRED,,2026-03-12 18:24:15
mich_1y_2022-10-01,Michigan Inflation 1Y,2022-10-01,5.0,,,,,,,,,,,,,,,,,,,FRED,FRED,,2026-03-12 18:28:56
nfp_2022-10-01,NFP,2022-10-01,153939.0,,,,,3.125,-0.39,5.43,31.62,,,,,,,,,,,FRED,FRED,,2026-03-12 18:20:02
ic4wsa_2022-10-08,Initial Claims 4W MA,2022-10-08,200000.0,,,,,3.125,-0.41,5.02,31.36,,,,,,,,,,,FRED,FRED,,2026-03-12 18:24:16
ic4wsa_2022-10-15,Initial Claims 4W MA,2022-10-15,199500.0,,,,,3.125,-0.48,5.15,32.02,,,,,,,,,,,FRED,FRED,,2026-03-12 18:24:18
ic4wsa_2022-10-22,Initial Claims 4W MA,2022-10-22,202500.0,,,,,3.125,-0.28,4.99,29.69,,,,,,,,,,,FRED,FRED,,2026-03-12 18:24:20
ic4wsa_2022-10-29,Initial Claims 4W MA,2022-10-29,202000.0,,,,,3.125,-0.39,4.54,25.75,,,,,,,,,,,FRED,FRED,,2026-03-12 18:24:22
mich_1y_2022-11-01,Michigan Inflation 1Y,2022-11-01,5.0,,,,,,,,,,,,,,,,,,,FRED,FRED,,2026-03-12 18:28:57
nfp_2022-11-01,NFP,2022-11-01,154242.0,,,,,3.125,-0.47,4.61,25.81,,,,,,,,,,,FRED,FRED,,2026-03-12 18:20:04
ic4wsa_2022-11-05,Initial Claims 4W MA,2022-11-05,201500.0,,,,,3.875,-0.49,4.77,24.55,,,,,,,,,,,FRED,FRED,,2026-03-12 18:24:24
ic4wsa_2022-11-12,Initial Claims 4W MA,2022-11-12,204250.0,,,,,3.875,-0.52,4.81,22.52,,,,,,,,,,,FRED,FRED,,2026-03-12 18:24:25
ic4wsa_2022-11-19,Initial Claims 4W MA,2022-11-19,209000.0,,,,,3.875,-0.69,4.65,23.12,,,,,,,,,,,FRED,FRED,,2026-03-12 18:24:27
ic4wsa_2022-11-26,Initial Claims 4W MA,2022-11-26,210750.0,,,,,3.875,-0.74,4.52,20.5,,,,,,,,,,,FRED,FRED,,2026-03-12 18:24:28
mich_1y_2022-12-01,Michigan Inflation 1Y,2022-12-01,4.3,,,,,,,,,,,,,,,,,,,FRED,FRED,,2026-03-12 18:28:59
nfp_2022-12-01,NFP,2022-12-01,154342.0,,,,,3.875,-0.72,4.48,19.84,,,,,,,,,,,FRED,FRED,,2026-03-12 18:20:05
ic4wsa_2022-12-03,Initial Claims 4W MA,2022-12-03,212000.0,,,,,3.875,-0.77,4.5,19.06,,,,,,,,,,,FRED,FRED,,2026-03-12 18:24:30
ic4wsa_2022-12-10,Initial Claims 4W MA,2022-12-10,212000.0,,,,,3.875,-0.76,4.46,22.83,,,,,,,,,,,FRED,FRED,,2026-03-12 18:24:31
ic4wsa_2022-12-17,Initial Claims 4W MA,2022-12-17,210250.0,,,,,4.375,-0.69,4.67,22.62,,,,,,,,,,,FRED,FRED,,2026-03-12 18:24:32
ic4wsa_2022-12-24,Initial Claims 4W MA,2022-12-24,209000.0,,,,,4.375,-0.56,4.59,20.87,,,,,,,,,,,FRED,FRED,,2026-03-12 18:24:33
ic4wsa_2022-12-31,Initial Claims 4W MA,2022-12-31,207750.0,,,,,4.375,-0.53,4.81,21.67,,,,,,,,,,,FRED,FRED,,2026-03-12 18:24:35
mich_1y_2023-01-01,Michigan Inflation 1Y,2023-01-01,3.9,,,,,4.375,,,,,,,,,,,,,,FRED,FRED,,2026-03-12 18:29:00
nfp_2023-01-01,NFP,2023-01-01,154776.0,,,,,4.375,-0.53,4.81,21.67,,,,,,,,,,,FRED,FRED,,2026-03-12 18:20:06
ic4wsa_2023-01-07,Initial Claims 4W MA,2023-01-07,207250.0,,,,,,-0.69,4.47,21.13,,,,,,,,,,,FRED,FRED,,2026-03-12 18:24:36
ic4wsa_2023-01-14,Initial Claims 4W MA,2023-01-14,204750.0,,,,,,,,,,,,,,,,,,,FRED,FRED,,2026-03-12 18:24:37
ic4wsa_2023-01-21,Initial Claims 4W MA,2023-01-21,204500.0,,,,,,,,,,,,,,,,,,,FRED,FRED,,2026-03-12 18:24:39
ic4wsa_2023-01-28,Initial Claims 4W MA,2023-01-28,203500.0,,,,,,,,,,,,,,,,,,,FRED,FRED,,2026-03-12 18:24:40
mich_1y_2023-02-01,Michigan Inflation 1Y,2023-02-01,4.2,,,,,4.375,-0.7,4.31,17.87,,,,,,,,,,,FRED,FRED,,2026-03-12 18:29:01
nfp_2023-02-01,NFP,2023-02-01,155066.0,,,,,4.375,-0.7,4.31,17.87,,,,,,,,,,,FRED,FRED,,2026-03-12 18:20:08
ic4wsa_2023-02-04,Initial Claims 4W MA,2023-02-04,205250.0,,,,,,,,,,,,,,,,,,,FRED,FRED,,2026-03-12 18:24:41
ic4wsa_2023-02-11,Initial Claims 4W MA,2023-02-11,209250.0,,,,,,,,,,,,,,,,,,,FRED,FRED,,2026-03-12 18:24:43
ic4wsa_2023-02-18,Initial Claims 4W MA,2023-02-18,212750.0,,,,,,,,,,,,,,,,,,,FRED,FRED,,2026-03-12 18:24:44
ic4wsa_2023-02-25,Initial Claims 4W MA,2023-02-25,215000.0,,,,,,,,,,,,,,,,,,,FRED,FRED,,2026-03-12 18:24:45
mich_1y_2023-03-01,Michigan Inflation 1Y,2023-03-01,3.6,,,,,4.625,-0.88,4.17,20.58,,,,,,,,,,,FRED,FRED,,2026-03-12 18:29:02
nfp_2023-03-01,NFP,2023-03-01,155134.0,,,,,4.625,-0.88,4.17,20.58,,,,,,,,,,,FRED,FRED,,2026-03-12 18:20:09
ic4wsa_2023-03-04,Initial Claims 4W MA,2023-03-04,218500.0,,,,,,,,,,,,,,,,,,,FRED,FRED,,2026-03-12 18:24:47
ic4wsa_2023-03-11,Initial Claims 4W MA,2023-03-11,219250.0,,,,,,,,,,,,,,,,,,,FRED,FRED,,2026-03-12 18:24:48
ic4wsa_2023-03-18,Initial Claims 4W MA,2023-03-18,222500.0,,,,,,,,,,,,,,,,,,,FRED,FRED,,2026-03-12 18:24:49
ic4wsa_2023-03-25,Initial Claims 4W MA,2023-03-25,228750.0,,,,,,,,,,,,,,,,,,,FRED,FRED,,2026-03-12 18:24:50
ic4wsa_2023-04-01,Initial Claims 4W MA,2023-04-01,225750.0,,,,,,,,,,,,,,,,,,,FRED,FRED,,2026-03-12 18:24:52
mich_1y_2023-04-01,Michigan Inflation 1Y,2023-04-01,4.7,,,,,4.875,-0.58,4.58,18.7,,,,,,,,,,,FRED,FRED,,2026-03-12 18:29:04
nfp_2023-04-01,NFP,2023-04-01,155375.0,,,,,4.875,-0.58,4.58,18.7,,,,,,,,,,,FRED,FRED,,2026-03-12 18:20:10
ic4wsa_2023-04-08,Initial Claims 4W MA,2023-04-08,225000.0,,,,,,,,,,,,,,,,,,,FRED,FRED,,2026-03-12 18:24:53
ic4wsa_2023-04-15,Initial Claims 4W MA,2023-04-15,223250.0,,,,,,,,,,,,,,,,,,,FRED,FRED,,2026-03-12 18:24:54
ic4wsa_2023-04-22,Initial Claims 4W MA,2023-04-22,217250.0,,,,,,,,,,,,,,,,,,,FRED,FRED,,2026-03-12 18:24:55
ic4wsa_2023-04-29,Initial Claims 4W MA,2023-04-29,216500.0,,,,,,,,,,,,,,,,,,,FRED,FRED,,2026-03-12 18:24:57
mich_1y_2023-05-01,Michigan Inflation 1Y,2023-05-01,4.2,,,,,4.875,-0.55,4.45,16.08,,,,,,,,,,,FRED,FRED,,2026-03-12 18:29:05
nfp_2023-05-01,NFP,2023-05-01,155655.0,,,,,4.875,-0.55,4.45,16.08,,,,,,,,,,,FRED,FRED,,2026-03-12 18:20:12
ic4wsa_2023-05-06,Initial Claims 4W MA,2023-05-06,217500.0,,,,,,,,,,,,,,,,,,,FRED,FRED,,2026-03-12 18:24:58
ic4wsa_2023-05-13,Initial Claims 4W MA,2023-05-13,218000.0,,,,,,,,,,,,,,,,,,,FRED,FRED,,2026-03-12 18:24:59
ic4wsa_2023-05-20,Initial Claims 4W MA,2023-05-20,222250.0,,,,,5.125,,4.62,16.81,,,,,,,,,,,FRED,FRED,,2026-03-12 18:25:00
ic4wsa_2023-05-27,Initial Claims 4W MA,2023-05-27,226250.0,,,,,5.125,-0.74,4.53,17.95,,,,,,,,,,,FRED,FRED,,2026-03-12 18:25:02
mich_1y_2023-06-01,Michigan Inflation 1Y,2023-06-01,3.3,,,,,5.125,-0.72,4.65,15.65,,,,,,,,,,,FRED,FRED,,2026-03-12 18:29:07
nfp_2023-06-01,NFP,2023-06-01,155880.0,,,,,5.125,-0.72,4.65,15.65,,,,,,,,,,,FRED,FRED,,2026-03-12 18:20:13
ic4wsa_2023-06-03,Initial Claims 4W MA,2023-06-03,233750.0,,,,,5.125,-0.81,4.37,14.6,,,,,,,,,,,FRED,FRED,,2026-03-12 18:25:03
ic4wsa_2023-06-10,Initial Claims 4W MA,2023-06-10,242000.0,,,,,5.125,-0.84,4.29,13.83,,,,,,,,,,,FRED,FRED,,2026-03-12 18:25:04
ic4wsa_2023-06-17,Initial Claims 4W MA,2023-06-17,250250.0,,,,,5.125,-0.93,4.15,13.54,,,,,,,,,,,FRED,FRED,,2026-03-12 18:25:06
ic4wsa_2023-06-24,Initial Claims 4W MA,2023-06-24,251750.0,,,,,5.125,-0.97,4.4,13.44,,,,,,,,,,,FRED,FRED,,2026-03-12 18:25:07
ic4wsa_2023-07-01,Initial Claims 4W MA,2023-07-01,250500.0,,,,,5.125,-1.06,4.05,13.59,,,,,,,,,,,FRED,FRED,,2026-03-12 18:25:08
mich_1y_2023-07-01,Michigan Inflation 1Y,2023-07-01,3.4,,,,,5.125,-1.06,4.05,13.59,,,,,,,,,,,FRED,FRED,,2026-03-12 18:29:09
nfp_2023-07-01,NFP,2023-07-01,156043.0,,,,,5.125,-1.06,4.05,13.59,,,,,,,,,,,FRED,FRED,,2026-03-12 18:20:15
ic4wsa_2023-07-08,Initial Claims 4W MA,2023-07-08,243250.0,,,,,5.125,-0.88,4.08,14.83,,,,,,,,,,,FRED,FRED,,2026-03-12 18:25:10
ic4wsa_2023-07-15,Initial Claims 4W MA,2023-07-15,235250.0,,,,,5.125,-0.91,3.9,13.34,,,,,,,,,,,FRED,FRED,,2026-03-12 18:25:11
ic4wsa_2023-07-22,Initial Claims 4W MA,2023-07-22,234000.0,,,,,5.125,-0.98,3.89,13.6,,,,,,,,,,,FRED,FRED,,2026-03-12 18:25:12
ic4wsa_2023-07-29,Initial Claims 4W MA,2023-07-29,231500.0,,,,,5.375,-0.91,3.82,13.33,,,,,,,,,,,FRED,FRED,,2026-03-12 18:25:14
mich_1y_2023-08-01,Michigan Inflation 1Y,2023-08-01,3.5,,,,,5.375,-0.87,3.82,13.93,,,,,,,,,,,FRED,FRED,,2026-03-12 18:29:10
nfp_2023-08-01,NFP,2023-08-01,156261.0,,,,,5.375,-0.87,3.82,13.93,,,,,,,,,,,FRED,FRED,,2026-03-12 18:20:16
ic4wsa_2023-08-05,Initial Claims 4W MA,2023-08-05,238750.0,,,,,5.375,-0.73,4.01,17.1,,,,,,,,,,,FRED,FRED,,2026-03-12 18:25:16
ic4wsa_2023-08-12,Initial Claims 4W MA,2023-08-12,243750.0,,,,,5.375,-0.73,3.83,14.84,,,,,,,,,,,FRED,FRED,,2026-03-12 18:25:18
ic4wsa_2023-08-19,Initial Claims 4W MA,2023-08-19,246000.0,,,,,5.375,-0.66,4.02,17.3,,,,,,,,,,,FRED,FRED,,2026-03-12 18:25:19
ic4wsa_2023-08-26,Initial Claims 4W MA,2023-08-26,245000.0,,,,,5.375,-0.78,3.9,15.68,,,,,,,,,,,FRED,FRED,,2026-03-12 18:25:21
mich_1y_2023-09-01,Michigan Inflation 1Y,2023-09-01,3.2,,,,,5.375,-0.69,3.81,13.09,,,,,,,,,,,FRED,FRED,,2026-03-12 18:29:11
nfp_2023-09-01,NFP,2023-09-01,156417.0,,,,,5.375,-0.69,3.81,13.09,,,,,,,,,,,FRED,FRED,,2026-03-12 18:20:18
ic4wsa_2023-09-02,Initial Claims 4W MA,2023-09-02,237250.0,,,,,5.375,-0.69,3.81,13.09,,,,,,,,,,,FRED,FRED,,2026-03-12 18:25:22
ic4wsa_2023-09-09,Initial Claims 4W MA,2023-09-09,232000.0,,,,,5.375,-0.72,3.85,13.84,,,,,,,,,,,FRED,FRED,,2026-03-12 18:25:24
ic4wsa_2023-09-16,Initial Claims 4W MA,2023-09-16,224500.0,,,,,5.375,-0.69,3.79,13.79,,,,,,,,,,,FRED,FRED,,2026-03-12 18:25:25
ic4wsa_2023-09-23,Initial Claims 4W MA,2023-09-23,219750.0,,,,,5.375,-0.66,3.93,17.2,,,,,,,,,,,FRED,FRED,,2026-03-12 18:25:27
ic4wsa_2023-09-30,Initial Claims 4W MA,2023-09-30,217000.0,,,,,5.375,-0.44,4.03,17.52,,,,,,,,,,,FRED,FRED,,2026-03-12 18:25:28
mich_1y_2023-10-01,Michigan Inflation 1Y,2023-10-01,4.2,,,,,5.375,-0.44,4.03,17.52,,,,,,,,,,,FRED,FRED,,2026-03-12 18:29:13
nfp_2023-10-01,NFP,2023-10-01,156576.0,,,,,5.375,-0.44,4.03,17.52,,,,,,,,,,,FRED,FRED,,2026-03-12 18:20:20
ic4wsa_2023-10-07,Initial Claims 4W MA,2023-10-07,212750.0,,,,,5.375,-0.3,4.33,17.45,,,,,,,,,,,FRED,FRED,,2026-03-12 18:25:29
ic4wsa_2023-10-14,Initial Claims 4W MA,2023-10-14,210250.0,,,,,5.375,-0.41,4.3,19.32,,,,,,,,,,,FRED,FRED,,2026-03-12 18:25:30
ic4wsa_2023-10-21,Initial Claims 4W MA,2023-10-21,210000.0,,,,,5.375,-0.14,4.52,21.71,,,,,,,,,,,FRED,FRED,,2026-03-12 18:25:32
ic4wsa_2023-10-28,Initial Claims 4W MA,2023-10-28,210250.0,,,,,5.375,-0.15,4.53,21.27,,,,,,,,,,,FRED,FRED,,2026-03-12 18:25:33
mich_1y_2023-11-01,Michigan Inflation 1Y,2023-11-01,4.5,,,,,5.375,-0.18,4.47,16.87,,,,,,,,,,,FRED,FRED,,2026-03-12 18:29:14
nfp_2023-11-01,NFP,2023-11-01,156703.0,,,,,5.375,-0.18,4.47,16.87,,,,,,,,,,,FRED,FRED,,2026-03-12 18:20:22
ic4wsa_2023-11-04,Initial Claims 4W MA,2023-11-04,211750.0,,,,,,-0.26,,,,,,,,,,,,,FRED,FRED,,2026-03-12 18:25:34
ic4wsa_2023-11-11,Initial Claims 4W MA,2023-11-11,219000.0,,,,,,,,,,,,,,,,,,,FRED,FRED,,2026-03-12 18:25:36
ic4wsa_2023-11-18,Initial Claims 4W MA,2023-11-18,218750.0,,,,,,,,,,,,,,,,,,,FRED,FRED,,2026-03-12 18:25:37
ic4wsa_2023-11-25,Initial Claims 4W MA,2023-11-25,218000.0,,,,,,,,,,,,,,,,,,,FRED,FRED,,2026-03-12 18:25:39
mich_1y_2023-12-01,Michigan Inflation 1Y,2023-12-01,3.1,,,,,5.375,-0.34,3.87,12.63,,,,,,,,,,,FRED,FRED,,2026-03-12 18:29:15
nfp_2023-12-01,NFP,2023-12-01,156857.0,,,,,5.375,-0.34,3.87,12.63,,,,,,,,,,,FRED,FRED,,2026-03-12 18:20:23
ic4wsa_2023-12-02,Initial Claims 4W MA,2023-12-02,218000.0,,,,,,,,,,,,,,,,,,,FRED,FRED,,2026-03-12 18:25:40
ic4wsa_2023-12-09,Initial Claims 4W MA,2023-12-09,211750.0,,,,,,,,,,,,,,,,,,,FRED,FRED,,2026-03-12 18:25:41
ic4wsa_2023-12-16,Initial Claims 4W MA,2023-12-16,210750.0,,,,,,,,,,,,,,,,,,,FRED,FRED,,2026-03-12 18:25:42
ic4wsa_2023-12-23,Initial Claims 4W MA,2023-12-23,209750.0,,,,,,,,,,,,,,,,,,,FRED,FRED,,2026-03-12 18:25:44
ic4wsa_2023-12-30,Initial Claims 4W MA,2023-12-30,205250.0,,,,,,,,,,,,,,,,,,,FRED,FRED,,2026-03-12 18:25:45
mich_1y_2024-01-01,Michigan Inflation 1Y,2024-01-01,2.9,,,,,5.375,-0.35,3.39,12.45,,,,,,,,,,,FRED,FRED,,2026-03-12 18:29:16
nfp_2024-01-01,NFP,2024-01-01,157032.0,,,,,5.375,-0.35,3.39,12.45,,,,,,,,,,,FRED,FRED,,2026-03-12 18:20:25
ic4wsa_2024-01-06,Initial Claims 4W MA,2024-01-06,204000.0,,,,,,,,,,,,,,,,,,,FRED,FRED,,2026-03-12 18:25:47
ic4wsa_2024-01-13,Initial Claims 4W MA,2024-01-13,200000.0,,,,,,,,,,,,,,,,,,,FRED,FRED,,2026-03-12 18:25:48
ic4wsa_2024-01-20,Initial Claims 4W MA,2024-01-20,203250.0,,,,,,,,,,,,,,,,,,,FRED,FRED,,2026-03-12 18:25:49
ic4wsa_2024-01-27,Initial Claims 4W MA,2024-01-27,210000.0,,,,,,,,,,,,,,,,,,,FRED,FRED,,2026-03-12 18:25:51
mich_1y_2024-02-01,Michigan Inflation 1Y,2024-02-01,3.0,,,,,5.375,-0.33,3.56,13.88,,,,,,,,,,,FRED,FRED,,2026-03-12 18:29:18
nfp_2024-02-01,NFP,2024-02-01,157238.0,,,,,5.375,-0.33,3.56,13.88,,,,,,,,,,,FRED,FRED,,2026-03-12 18:20:26
ic4wsa_2024-02-03,Initial Claims 4W MA,2024-02-03,213750.0,,,,,,,,,,,,,,,,,,,FRED,FRED,,2026-03-12 18:25:52
ic4wsa_2024-02-10,Initial Claims 4W MA,2024-02-10,218500.0,,,,,,,,,,,,,,,,,,,FRED,FRED,,2026-03-12 18:25:53
ic4wsa_2024-02-17,Initial Claims 4W MA,2024-02-17,213500.0,,,,,,,,,,,,,,,,,,,FRED,FRED,,2026-03-12 18:25:54
ic4wsa_2024-02-24,Initial Claims 4W MA,2024-02-24,210750.0,,,,,,,,,,,,,,,,,,,FRED,FRED,,2026-03-12 18:25:56
mich_1y_2024-03-01,Michigan Inflation 1Y,2024-03-01,2.9,,,,,5.375,-0.35,3.32,13.11,,,,,,,,,,,FRED,FRED,,2026-03-12 18:29:19
nfp_2024-03-01,NFP,2024-03-01,157466.0,,,,,5.375,-0.35,3.32,13.11,,,,,,,,,,,FRED,FRED,,2026-03-12 18:20:28
ic4wsa_2024-03-02,Initial Claims 4W MA,2024-03-02,210250.0,,,,,,,,,,,,,,,,,,,FRED,FRED,,2026-03-12 18:25:57
ic4wsa_2024-03-09,Initial Claims 4W MA,2024-03-09,210500.0,,,,,,,,,,,,,,,,,,,FRED,FRED,,2026-03-12 18:25:58
ic4wsa_2024-03-16,Initial Claims 4W MA,2024-03-16,213000.0,,,,,,,,,,,,,,,,,,,FRED,FRED,,2026-03-12 18:26:00
ic4wsa_2024-03-23,Initial Claims 4W MA,2024-03-23,213000.0,,,,,5.375,-0.37,3.08,13.06,,,,,,,,,,,FRED,FRED,,2026-03-12 18:26:01
ic4wsa_2024-03-30,Initial Claims 4W MA,2024-03-30,215750.0,,,,,5.375,-0.39,3.12,13.01,,,,,,,,,,,FRED,FRED,,2026-03-12 18:26:02
mich_1y_2024-04-01,Michigan Inflation 1Y,2024-04-01,3.2,,,,,5.375,-0.39,3.12,13.65,,,,,,,,,,,FRED,FRED,,2026-03-12 18:29:20
nfp_2024-04-01,NFP,2024-04-01,157530.0,,,,,5.375,-0.39,3.12,13.65,,,,,,,,,,,FRED,FRED,,2026-03-12 18:20:29
ic4wsa_2024-04-06,Initial Claims 4W MA,2024-04-06,215500.0,,,,,5.375,-0.34,3.18,16.03,,,,,,,,,,,FRED,FRED,,2026-03-12 18:26:04
ic4wsa_2024-04-13,Initial Claims 4W MA,2024-04-13,215000.0,,,,,5.375,-0.38,3.25,17.31,,,,,,,,,,,FRED,FRED,,2026-03-12 18:26:05
ic4wsa_2024-04-20,Initial Claims 4W MA,2024-04-20,213750.0,,,,,5.375,-0.35,3.37,18.71,,,,,,,,,,,FRED,FRED,,2026-03-12 18:26:07
ic4wsa_2024-04-27,Initial Claims 4W MA,2024-04-27,210250.0,,,,,5.375,-0.29,3.16,15.03,,,,,,,,,,,FRED,FRED,,2026-03-12 18:26:08
mich_1y_2024-05-01,Michigan Inflation 1Y,2024-05-01,3.3,,,,,5.375,-0.33,3.21,15.39,,,,,,,,,,,FRED,FRED,,2026-03-12 18:29:21
nfp_2024-05-01,NFP,2024-05-01,157608.0,,,,,5.375,-0.33,3.21,15.39,,,,,,,,,,,FRED,FRED,,2026-03-12 18:20:31
ic4wsa_2024-05-04,Initial Claims 4W MA,2024-05-04,214500.0,,,,,5.375,-0.31,3.08,13.49,,,,,,,,,,,FRED,FRED,,2026-03-12 18:26:09
ic4wsa_2024-05-11,Initial Claims 4W MA,2024-05-11,217250.0,,,,,5.375,-0.37,3.12,12.55,,,,,,,,,,,FRED,FRED,,2026-03-12 18:26:11
ic4wsa_2024-05-18,Initial Claims 4W MA,2024-05-18,219000.0,,,,,5.375,-0.41,3.09,11.99,,,,,,,,,,,FRED,FRED,,2026-03-12 18:26:12
ic4wsa_2024-05-25,Initial Claims 4W MA,2024-05-25,222000.0,,,,,5.375,-0.47,3.11,11.93,,,,,,,,,,,FRED,FRED,,2026-03-12 18:26:14
ic4wsa_2024-06-01,Initial Claims 4W MA,2024-06-01,222000.0,,,,,5.375,-0.38,3.2,12.92,,,,,,,,,,,FRED,FRED,,2026-03-12 18:26:15
mich_1y_2024-06-01,Michigan Inflation 1Y,2024-06-01,3.0,,,,,5.375,-0.38,3.2,12.92,,,,,,,,,,,FRED,FRED,,2026-03-12 18:29:23
nfp_2024-06-01,NFP,2024-06-01,157695.0,,,,,5.375,-0.38,3.2,12.92,,,,,,,,,,,FRED,FRED,,2026-03-12 18:20:33
ic4wsa_2024-06-08,Initial Claims 4W MA,2024-06-08,226750.0,,,,,5.375,-0.44,3.15,12.22,,,,,,,,,,,FRED,FRED,,2026-03-12 18:26:17
ic4wsa_2024-06-15,Initial Claims 4W MA,2024-06-15,232000.0,,,,,5.375,-0.47,3.29,12.66,,,,,,,,,,,FRED,FRED,,2026-03-12 18:26:18
ic4wsa_2024-06-22,Initial Claims 4W MA,2024-06-22,235000.0,,,,,5.375,-0.45,3.21,13.2,,,,,,,,,,,FRED,FRED,,2026-03-12 18:26:20
ic4wsa_2024-06-29,Initial Claims 4W MA,2024-06-29,237250.0,,,,,5.375,-0.35,3.18,12.44,,,,,,,,,,,FRED,FRED,,2026-03-12 18:26:21
mich_1y_2024-07-01,Michigan Inflation 1Y,2024-07-01,2.9,,,,,5.375,-0.29,3.21,12.22,,,,,,,,,,,FRED,FRED,,2026-03-12 18:29:24
nfp_2024-07-01,NFP,2024-07-01,157748.0,,,,,5.375,-0.29,3.21,12.22,,,,,,,,,,,FRED,FRED,,2026-03-12 18:20:34
ic4wsa_2024-07-06,Initial Claims 4W MA,2024-07-06,232500.0,,,,,5.375,-0.32,3.27,12.48,,,,,,,,,,,FRED,FRED,,2026-03-12 18:26:22
ic4wsa_2024-07-13,Initial Claims 4W MA,2024-07-13,233250.0,,,,,5.375,-0.27,3.19,12.46,,,,,,,,,,,FRED,FRED,,2026-03-12 18:26:23
ic4wsa_2024-07-20,Initial Claims 4W MA,2024-07-20,234000.0,,,,,5.375,-0.24,3.09,16.52,,,,,,,,,,,FRED,FRED,,2026-03-12 18:26:25
ic4wsa_2024-07-27,Initial Claims 4W MA,2024-07-27,236500.0,,,,,5.375,-0.16,3.1,16.39,,,,,,,,,,,FRED,FRED,,2026-03-12 18:26:26
mich_1y_2024-08-01,Michigan Inflation 1Y,2024-08-01,2.8,,,,,5.375,-0.17,3.35,18.59,,,,,,,,,,,FRED,FRED,,2026-03-12 18:29:26
nfp_2024-08-01,NFP,2024-08-01,157757.0,,,,,5.375,-0.17,3.35,18.59,,,,,,,,,,,FRED,FRED,,2026-03-12 18:20:35
ic4wsa_2024-08-03,Initial Claims 4W MA,2024-08-03,239500.0,,,,,5.375,-0.08,3.72,23.39,,,,,,,,,,,FRED,FRED,,2026-03-12 18:26:27
ic4wsa_2024-08-10,Initial Claims 4W MA,2024-08-10,236500.0,,,,,5.375,-0.11,3.49,20.37,,,,,,,,,,,FRED,FRED,,2026-03-12 18:26:29
ic4wsa_2024-08-17,Initial Claims 4W MA,2024-08-17,235500.0,,,,,5.375,-0.17,3.29,14.8,,,,,,,,,,,FRED,FRED,,2026-03-12 18:26:30
ic4wsa_2024-08-24,Initial Claims 4W MA,2024-08-24,231500.0,,,,,5.375,-0.09,3.19,15.86,,,,,,,,,,,FRED,FRED,,2026-03-12 18:26:32
ic4wsa_2024-08-31,Initial Claims 4W MA,2024-08-31,230000.0,,,,,,,3.17,15.0,,,,,,,,,,,FRED,FRED,,2026-03-12 18:26:33
mich_1y_2024-09-01,Michigan Inflation 1Y,2024-09-01,2.7,,,,,5.375,,3.17,15.0,,,,,,,,,,,FRED,FRED,,2026-03-12 18:29:27
nfp_2024-09-01,NFP,2024-09-01,157912.0,,,,,,,,,,,,,,,,,,,FRED,FRED,,2026-03-12 18:20:37
ic4wsa_2024-09-07,Initial Claims 4W MA,2024-09-07,230500.0,,,,,,,,,,,,,,,,,,,FRED,FRED,,2026-03-12 18:26:35
ic4wsa_2024-09-14,Initial Claims 4W MA,2024-09-14,228000.0,,,,,,,,,,,,,,,,,,,FRED,FRED,,2026-03-12 18:26:36
ic4wsa_2024-09-21,Initial Claims 4W MA,2024-09-21,225250.0,,,,,,,,,,,,,,,,,,,FRED,FRED,,2026-03-12 18:26:37
ic4wsa_2024-09-28,Initial Claims 4W MA,2024-09-28,225000.0,,,,,,,,,,,,,,,,,,,FRED,FRED,,2026-03-12 18:26:38
mich_1y_2024-10-01,Michigan Inflation 1Y,2024-10-01,2.7,,,,,4.875,0.13,3.07,19.26,,,,,,,,,,,FRED,FRED,,2026-03-12 18:29:29
nfp_2024-10-01,NFP,2024-10-01,157945.0,,,,,,,,,,,,,,,,,,,FRED,FRED,,2026-03-12 18:20:38
ic4wsa_2024-10-05,Initial Claims 4W MA,2024-10-05,232250.0,,,,,,,,,,,,,,,,,,,FRED,FRED,,2026-03-12 18:26:39
ic4wsa_2024-10-12,Initial Claims 4W MA,2024-10-12,236750.0,,,,,,,,,,,,,,,,,,,FRED,FRED,,2026-03-12 18:26:41
ic4wsa_2024-10-19,Initial Claims 4W MA,2024-10-19,238500.0,,,,,,,,,,,,,,,,,,,FRED,FRED,,2026-03-12 18:26:42
ic4wsa_2024-10-26,Initial Claims 4W MA,2024-10-26,236250.0,,,,,,,,,,,,,,,,,,,FRED,FRED,,2026-03-12 18:26:43
mich_1y_2024-11-01,Michigan Inflation 1Y,2024-11-01,2.6,,,,,4.875,0.16,2.83,21.88,,,,,,,,,,,FRED,FRED,,2026-03-12 18:29:32
nfp_2024-11-01,NFP,2024-11-01,158079.0,,,,,,,,,,,,,,,,,,,FRED,FRED,,2026-03-12 18:20:39
ic4wsa_2024-11-02,Initial Claims 4W MA,2024-11-02,226750.0,,,,,,,,,,,,,,,,,,,FRED,FRED,,2026-03-12 18:26:44
ic4wsa_2024-11-09,Initial Claims 4W MA,2024-11-09,221500.0,,,,,,,,,,,,,,,,,,,FRED,FRED,,2026-03-12 18:26:46
ic4wsa_2024-11-16,Initial Claims 4W MA,2024-11-16,218500.0,,,,,,,,,,,,,,,,,,,FRED,FRED,,2026-03-12 18:26:47
ic4wsa_2024-11-23,Initial Claims 4W MA,2024-11-23,218000.0,,,,,,,,,,,,,,,,,,,FRED,FRED,,2026-03-12 18:26:48
ic4wsa_2024-11-30,Initial Claims 4W MA,2024-11-30,219000.0,,,,,,,,,,,,,,,,,,,FRED,FRED,,2026-03-12 18:26:49
mich_1y_2024-12-01,Michigan Inflation 1Y,2024-12-01,2.8,,,,,4.625,0.05,2.74,13.51,,,,,,,,,,,FRED,FRED,,2026-03-12 18:29:35
nfp_2024-12-01,NFP,2024-12-01,158316.0,,,,,,,,,,,,,,,,,,,FRED,FRED,,2026-03-12 18:20:40
ic4wsa_2024-12-07,Initial Claims 4W MA,2024-12-07,224000.0,,,,,,,,,,,,,,,,,,,FRED,FRED,,2026-03-12 18:26:51
ic4wsa_2024-12-14,Initial Claims 4W MA,2024-12-14,225500.0,,,,,,,,,,,,,,,,,,,FRED,FRED,,2026-03-12 18:26:52
ic4wsa_2024-12-21,Initial Claims 4W MA,2024-12-21,226250.0,,,,,,,,,,,,,,,,,,,FRED,FRED,,2026-03-12 18:26:53
ic4wsa_2024-12-28,Initial Claims 4W MA,2024-12-28,222250.0,,,,,,,,,,,,,,,,,,,FRED,FRED,,2026-03-12 18:26:54
mich_1y_2025-01-01,Michigan Inflation 1Y,2025-01-01,3.3,,,,,,0.33,2.92,17.35,,,,,,,,,,,FRED,FRED,,2026-03-12 18:29:36
nfp_2025-01-01,NFP,2025-01-01,158268.0,,,,,,,,,,,,,,,,,,,FRED,FRED,,2026-03-12 18:20:42
ic4wsa_2025-01-04,Initial Claims 4W MA,2025-01-04,213750.0,,,,,,,,,,,,,,,,,,,FRED,FRED,,2026-03-12 18:26:56
ic4wsa_2025-01-11,Initial Claims 4W MA,2025-01-11,212500.0,,,,,,,,,,,,,,,,,,,FRED,FRED,,2026-03-12 18:26:57
ic4wsa_2025-01-18,Initial Claims 4W MA,2025-01-18,213250.0,,,,,,,,,,,,,,,,,,,FRED,FRED,,2026-03-12 18:26:58
ic4wsa_2025-01-25,Initial Claims 4W MA,2025-01-25,213500.0,,,,,,,,,,,,,,,,,,,FRED,FRED,,2026-03-12 18:26:59
ic4wsa_2025-02-01,Initial Claims 4W MA,2025-02-01,217750.0,,,,,4.375,0.36,2.68,16.43,,,,,,,,,,,FRED,FRED,,2026-03-12 18:27:01
mich_1y_2025-02-01,Michigan Inflation 1Y,2025-02-01,4.3,,,,,,,,,,,,,,,,,,,FRED,FRED,,2026-03-12 18:29:37
nfp_2025-02-01,NFP,2025-02-01,158310.0,,,,,,,,,,,,,,,,,,,FRED,FRED,,2026-03-12 18:20:43
ic4wsa_2025-02-08,Initial Claims 4W MA,2025-02-08,217250.0,,,,,4.375,0.2,2.67,16.54,,,,,,,,,,,FRED,FRED,,2026-03-12 18:27:02
ic4wsa_2025-02-15,Initial Claims 4W MA,2025-02-15,217750.0,,,,,4.375,0.21,2.62,14.77,,,,,,,,,,,FRED,FRED,,2026-03-12 18:27:03
ic4wsa_2025-02-22,Initial Claims 4W MA,2025-02-22,226000.0,,,,,4.375,0.23,2.78,18.21,,,,,,,,,,,FRED,FRED,,2026-03-12 18:27:05
ic4wsa_2025-03-01,Initial Claims 4W MA,2025-03-01,226500.0,,,,,4.375,0.25,2.87,19.63,,,,,,,,,,,FRED,FRED,,2026-03-12 18:27:06
mich_1y_2025-03-01,Michigan Inflation 1Y,2025-03-01,5.0,,,,,,,,,,,,,,,,,,,FRED,FRED,,2026-03-12 18:29:38
nfp_2025-03-01,NFP,2025-03-01,158377.0,,,,,,,,,,,,,,,,,,,FRED,FRED,,2026-03-12 18:20:45
ic4wsa_2025-03-08,Initial Claims 4W MA,2025-03-08,228500.0,,,,,4.375,0.33,2.97,23.37,,,,,,,,,,,FRED,FRED,,2026-03-12 18:27:07
ic4wsa_2025-03-15,Initial Claims 4W MA,2025-03-15,228750.0,,,,,4.375,0.29,3.25,21.77,,,,,,,,,,,FRED,FRED,,2026-03-12 18:27:09
ic4wsa_2025-03-22,Initial Claims 4W MA,2025-03-22,224250.0,,,,,4.375,0.31,3.21,19.28,,,,,,,,,,,FRED,FRED,,2026-03-12 18:27:11
ic4wsa_2025-03-29,Initial Claims 4W MA,2025-03-29,223000.0,,,,,4.375,0.38,3.47,21.65,,,,,,,,,,,FRED,FRED,,2026-03-12 18:27:12
mich_1y_2025-04-01,Michigan Inflation 1Y,2025-04-01,6.5,,,,,,,,,,,,,,,,,,,FRED,FRED,,2026-03-12 18:29:40
nfp_2025-04-01,NFP,2025-04-01,158485.0,,,,,,,,,,,,,,,,,,,FRED,FRED,,2026-03-12 18:20:46
ic4wsa_2025-04-05,Initial Claims 4W MA,2025-04-05,223250.0,,,,,4.375,0.33,4.45,45.31,,,,,,,,,,,FRED,FRED,,2026-03-12 18:27:13
ic4wsa_2025-04-12,Initial Claims 4W MA,2025-04-12,221000.0,,,,,4.375,0.52,4.26,37.56,,,,,,,,,,,FRED,FRED,,2026-03-12 18:27:15
ic4wsa_2025-04-19,Initial Claims 4W MA,2025-04-19,220500.0,,,,,4.375,0.53,4.02,29.65,,,,,,,,,,,FRED,FRED,,2026-03-12 18:27:16
ic4wsa_2025-04-26,Initial Claims 4W MA,2025-04-26,226000.0,,,,,4.375,0.55,3.67,24.84,,,,,,,,,,,FRED,FRED,,2026-03-12 18:27:18
mich_1y_2025-05-01,Michigan Inflation 1Y,2025-05-01,6.6,,,,,,,,,,,,,,,,,,,FRED,FRED,,2026-03-12 18:29:41
nfp_2025-05-01,NFP,2025-05-01,158498.0,,,,,,,,,,,,,,,,,,,FRED,FRED,,2026-03-12 18:20:47
ic4wsa_2025-05-03,Initial Claims 4W MA,2025-05-03,227250.0,,,,,4.375,0.5,3.6,22.68,,,,,,,,,,,FRED,FRED,,2026-03-12 18:27:19
ic4wsa_2025-05-10,Initial Claims 4W MA,2025-05-10,230250.0,,,,,4.375,0.49,3.53,21.9,,,,,,,,,,,FRED,FRED,,2026-03-12 18:27:21
ic4wsa_2025-05-17,Initial Claims 4W MA,2025-05-17,231000.0,,,,,4.375,0.45,3.16,17.24,,,,,,,,,,,FRED,FRED,,2026-03-12 18:27:22
ic4wsa_2025-05-24,Initial Claims 4W MA,2025-05-24,230500.0,,,,,4.375,0.51,3.4,22.29,,,,,,,,,,,FRED,FRED,,2026-03-12 18:27:23
ic4wsa_2025-05-31,Initial Claims 4W MA,2025-05-31,234750.0,,,,,4.375,0.52,3.32,18.57,,,,,,,,,,,FRED,FRED,,2026-03-12 18:27:25
mich_1y_2025-06-01,Michigan Inflation 1Y,2025-06-01,5.0,,,,,,,,,,,,,,,,,,,FRED,FRED,,2026-03-12 18:29:42
nfp_2025-06-01,NFP,2025-06-01,158478.0,,,,,,,,,,,,,,,,,,,FRED,FRED,,2026-03-12 18:20:49
ic4wsa_2025-06-07,Initial Claims 4W MA,2025-06-07,239750.0,,,,,4.375,0.47,3.09,16.77,,,,,,,,,,,FRED,FRED,,2026-03-12 18:27:26
ic4wsa_2025-06-14,Initial Claims 4W MA,2025-06-14,245750.0,,,,,4.375,0.45,3.18,20.82,,,,,,,,,,,FRED,FRED,,2026-03-12 18:27:28
ic4wsa_2025-06-21,Initial Claims 4W MA,2025-06-21,245250.0,,,,,4.375,0.48,3.13,20.62,,,,,,,,,,,FRED,FRED,,2026-03-12 18:27:29
ic4wsa_2025-06-28,Initial Claims 4W MA,2025-06-28,241250.0,,,,,4.375,0.56,3.02,16.32,,,,,,,,,,,FRED,FRED,,2026-03-12 18:27:31
mich_1y_2025-07-01,Michigan Inflation 1Y,2025-07-01,4.5,,,,,,,,,,,,,,,,,,,FRED,FRED,,2026-03-12 18:29:43
nfp_2025-07-01,NFP,2025-07-01,158542.0,,,,,,,,,,,,,,,,,,,FRED,FRED,,2026-03-12 18:20:50
ic4wsa_2025-07-05,Initial Claims 4W MA,2025-07-05,235750.0,,,,,4.375,0.47,2.8,17.48,,,,,,,,,,,FRED,FRED,,2026-03-12 18:27:32
ic4wsa_2025-07-12,Initial Claims 4W MA,2025-07-12,229500.0,,,,,4.375,0.53,2.97,16.4,,,,,,,,,,,FRED,FRED,,2026-03-12 18:27:33
ic4wsa_2025-07-19,Initial Claims 4W MA,2025-07-19,224500.0,,,,,,,,,,,,,,,,,,,FRED,FRED,,2026-03-12 18:27:35
ic4wsa_2025-07-26,Initial Claims 4W MA,2025-07-26,221250.0,,,,,,,,,,,,,,,,,,,FRED,FRED,,2026-03-12 18:27:36
mich_1y_2025-08-01,Michigan Inflation 1Y,2025-08-01,4.8,,,,,,,,,,,,,,,,,,,FRED,FRED,,2026-03-12 18:29:44
nfp_2025-08-01,NFP,2025-08-01,158472.0,,,,,,,,,,,,,,,,,,,FRED,FRED,,2026-03-12 18:20:52
ic4wsa_2025-08-02,Initial Claims 4W MA,2025-08-02,221000.0,,,,,,,,,,,,,,,,,,,FRED,FRED,,2026-03-12 18:27:37
ic4wsa_2025-08-09,Initial Claims 4W MA,2025-08-09,221750.0,,,,,,,,,,,,,,,,,,,FRED,FRED,,2026-03-12 18:27:38
ic4wsa_2025-08-16,Initial Claims 4W MA,2025-08-16,226000.0,,,,,,,,,,,,,,,,,,,FRED,FRED,,2026-03-12 18:27:40
ic4wsa_2025-08-23,Initial Claims 4W MA,2025-08-23,228500.0,,,,,,,,,,,,,,,,,,,FRED,FRED,,2026-03-12 18:27:41
ic4wsa_2025-08-30,Initial Claims 4W MA,2025-08-30,230750.0,,,,,,,,,,,,,,,,,,,FRED,FRED,,2026-03-12 18:27:42
mich_1y_2025-09-01,Michigan Inflation 1Y,2025-09-01,4.7,,,,,,,,,,,,,,,,,,,FRED,FRED,,2026-03-12 18:29:46
nfp_2025-09-01,NFP,2025-09-01,158548.0,,,,,,,,,,,,,,,,,,,FRED,FRED,,2026-03-12 18:20:53
ic4wsa_2025-09-06,Initial Claims 4W MA,2025-09-06,240750.0,,,,,,,,,,,,,,,,,,,FRED,FRED,,2026-03-12 18:27:44
ic4wsa_2025-09-13,Initial Claims 4W MA,2025-09-13,240250.0,,,,,,,,,,,,,,,,,,,FRED,FRED,,2026-03-12 18:27:45
ic4wsa_2025-09-20,Initial Claims 4W MA,2025-09-20,237750.0,,,,,,,,,,,,,,,,,,,FRED,FRED,,2026-03-12 18:27:46
ic4wsa_2025-09-27,Initial Claims 4W MA,2025-09-27,234750.0,,,,,,,,,,,,,,,,,,,FRED,FRED,,2026-03-12 18:27:47
mich_1y_2025-10-01,Michigan Inflation 1Y,2025-10-01,4.6,,,,,,,,,,,,,,,,,,,FRED,FRED,,2026-03-12 18:29:47
nfp_2025-10-01,NFP,2025-10-01,158408.0,,,,,,,,,,,,,,,,,,,FRED,FRED,,2026-03-12 18:20:54
ic4wsa_2025-10-04,Initial Claims 4W MA,2025-10-04,227500.0,,,,,,,,,,,,,,,,,,,FRED,FRED,,2026-03-12 18:27:49
ic4wsa_2025-10-11,Initial Claims 4W MA,2025-10-11,224500.0,,,,,,,,,,,,,,,,,,,FRED,FRED,,2026-03-12 18:27:50
ic4wsa_2025-10-18,Initial Claims 4W MA,2025-10-18,227750.0,,,,,,,,,,,,,,,,,,,FRED,FRED,,2026-03-12 18:27:51
ic4wsa_2025-10-25,Initial Claims 4W MA,2025-10-25,226750.0,,,,,,,,,,,,,,,,,,,FRED,FRED,,2026-03-12 18:27:53
ic4wsa_2025-11-01,Initial Claims 4W MA,2025-11-01,225250.0,,,,,,,,,,,,,,,,,,,FRED,FRED,,2026-03-12 18:27:54
mich_1y_2025-11-01,Michigan Inflation 1Y,2025-11-01,4.5,,,,,,,,,,,,,,,,,,,FRED,FRED,,2026-03-12 18:29:48
nfp_2025-11-01,NFP,2025-11-01,158449.0,,,,,,,,,,,,,,,,,,,FRED,FRED,,2026-03-12 18:20:56
ic4wsa_2025-11-08,Initial Claims 4W MA,2025-11-08,227250.0,,,,,,,,,,,,,,,,,,,FRED,FRED,,2026-03-12 18:27:55
ic4wsa_2025-11-15,Initial Claims 4W MA,2025-11-15,224750.0,,,,,,,,,,,,,,,,,,,FRED,FRED,,2026-03-12 18:27:56
ic4wsa_2025-11-22,Initial Claims 4W MA,2025-11-22,224000.0,,,,,,,,,,,,,,,,,,,FRED,FRED,,2026-03-12 18:27:57
ic4wsa_2025-11-29,Initial Claims 4W MA,2025-11-29,214750.0,,,,,,,,,,,,,,,,,,,FRED,FRED,,2026-03-12 18:27:58
mich_1y_2025-12-01,Michigan Inflation 1Y,2025-12-01,4.2,,,,,,,,,,,,,,,,,,,FRED,FRED,,2026-03-12 18:29:49
nfp_2025-12-01,NFP,2025-12-01,158432.0,,,,,,,,,,,,,,,,,,,FRED,FRED,,2026-03-12 18:20:57
ic4wsa_2025-12-06,Initial Claims 4W MA,2025-12-06,217000.0,,,,,,,,,,,,,,,,,,,FRED,FRED,,2026-03-12 18:27:59
ic4wsa_2025-12-13,Initial Claims 4W MA,2025-12-13,217500.0,,,,,3.625,0.67,2.91,15.74,,,,,,,,,,,FRED,FRED,,2026-03-12 18:28:01
ic4wsa_2025-12-20,Initial Claims 4W MA,2025-12-20,217000.0,,,,,3.625,0.68,2.9,14.91,,,,,,,,,,,FRED,FRED,,2026-03-12 18:28:02
ic4wsa_2025-12-27,Initial Claims 4W MA,2025-12-27,219000.0,,,,,3.625,0.68,2.86,13.6,,,,,,,,,,,FRED,FRED,,2026-03-12 18:28:03
mich_1y_2026-01-01,Michigan Inflation 1Y,2026-01-01,4.0,,,,,,,,,,,,,,,,,,,FRED,FRED,,2026-03-12 18:29:51
nfp_2026-01-01,NFP,2026-01-01,158558.0,,,,,,,,,,,,,,,,,,,FRED,FRED,,2026-03-12 18:20:58
ic4wsa_2026-01-03,Initial Claims 4W MA,2026-01-03,211500.0,,,,,3.625,0.72,2.83,14.51,,,,,,,,,,,FRED,FRED,,2026-03-12 18:28:04
ic4wsa_2026-01-10,Initial Claims 4W MA,2026-01-10,205250.0,,,,,3.625,0.64,2.74,14.49,,,,,,,,,,,FRED,FRED,,2026-03-12 18:28:05
ic4wsa_2026-01-17,Initial Claims 4W MA,2026-01-17,204000.0,,,,,3.625,0.65,2.65,15.86,,,,,,,,,,,FRED,FRED,,2026-03-12 18:28:07
ic4wsa_2026-01-24,Initial Claims 4W MA,2026-01-24,206250.0,,,,,3.625,0.64,2.68,16.09,,,,,,,,,,,FRED,FRED,,2026-03-12 18:28:08
ic4wsa_2026-01-31,Initial Claims 4W MA,2026-01-31,212500.0,,,,,3.625,0.74,2.88,17.44,,,,,,,,,,,FRED,FRED,,2026-03-12 18:28:10
nfp_2026-02-01,NFP,2026-02-01,158466.0,,,,,3.625,,,,,,,,,,,,,,FRED,FRED,,2026-03-12 18:21:00
ic4wsa_2026-02-07,Initial Claims 4W MA,2026-02-07,220000.0,,,,,3.625,0.72,2.87,17.76,,,,,,,,,,,FRED,FRED,,2026-03-12 18:28:11
ic4wsa_2026-02-14,Initial Claims 4W MA,2026-02-14,219500.0,,,,,3.625,0.64,2.95,20.6,,,,,,,,,,,FRED,FRED,,2026-03-12 18:28:12
ic4wsa_2026-02-21,Initial Claims 4W MA,2026-02-21,220500.0,,,,,3.625,0.6,2.86,19.09,,,,,,,,,,,FRED,FRED,,2026-03-12 18:28:13
ic4wsa_2026-02-28,Initial Claims 4W MA,2026-02-28,215750.0,,,,,3.625,0.59,3.12,19.86,,,,,,,,,,,FRED,FRED,,2026-03-12 18:28:15
